,City,Cloudiness,Country,Date,Humidity,Lat,Lng,Max Temp,Wind Speed
0,benguela,100,AO,1609199500,78,-12.58,13.41,75.74,4.52
1,port alfred,100,CD,1609199453,77,-7.03,29.76,73.0,6.06
2,cape town,0,CL,1609199446,39,-36.41,-71.9,78.8,12.75
3,yellowknife,90,CA,1609199014,84,62.46,-114.35,1.99,6.93
4,torbay,20,CA,1609199446,86,47.67,-52.73,26.6,2.24
5,albany,82,US,1609199436,69,42.6,-73.97,41.0,5.99
6,saint-augustin,83,CA,1609199501,92,51.23,-58.65,28.56,9.93
7,hobart,20,AU,1609199171,45,-42.88,147.33,68.0,16.11
8,hermanus,70,ZA,1609199446,81,-34.42,19.23,64.99,2.59
9,slyudyanka,96,RU,1609199501,80,51.66,103.71,-10.34,5.61
10,cabo san lucas,40,BR,1609199454,61,-8.28,-35.03,78.8,14.99
11,mahebourg,75,MU,1609199452,78,-20.41,57.7,77.0,8.05
12,morant bay,40,JM,1609199502,74,17.9,-76.43,82.4,13.87
13,busselton,92,AU,1609199442,55,-33.65,115.33,70.0,5.01
14,kodiak,40,US,1609199446,85,57.79,-152.41,39.2,11.41
15,broome,90,US,1609199458,74,42.25,-75.83,37.0,8.05
16,lakselv,99,NO,1609199502,74,70.05,24.97,28.4,53.02
17,butaritari,53,KI,1609199441,79,3.07,172.79,81.37,21.36
18,ushuaia,75,AR,1609199442,81,-54.8,-68.3,50.0,4.7
19,itum-kale,49,RU,1609199502,52,42.74,45.58,43.27,6.17
20,portland,20,US,1609199369,70,45.52,-122.68,46.0,8.05
21,bluff,88,NZ,1609199449,60,-46.6,168.33,70.0,5.01
22,punta arenas,47,PH,1609199440,74,8.99,125.34,79.59,2.86
23,zyryanka,71,RU,1609199503,80,65.75,150.85,-31.88,7.25
24,bambous virieux,75,MU,1609199454,78,-20.26,57.41,77.0,8.05
25,atuona,53,PF,1609199444,72,-9.8,-139.03,78.76,15.28
26,rikitea,100,PF,1609199448,78,-23.12,-134.97,78.58,17.43
27,alofi,75,NU,1609199415,83,-19.06,-169.92,80.6,5.82
28,malumfashi,0,NG,1609199503,28,11.79,7.62,64.44,7.63
29,noshiro,75,JP,1609199503,97,40.2,140.02,32.0,3.36
30,faanui,8,PF,1609199474,68,-16.48,-151.75,81.0,7.52
31,shitanjing,25,CN,1609199504,78,39.23,106.34,-0.54,3.67
32,amboise,90,FR,1609199504,86,47.41,0.98,41.0,13.87
33,san cristobal,0,ML,1609199374,20,13.3,-4.9,71.62,7.85
34,nikolskoye,0,RU,1609199448,79,59.7,30.79,27.0,15.66
35,cidreira,74,BR,1609199464,82,-30.18,-50.21,73.38,15.37
36,sao filipe,0,IN,1609199446,53,20.51,76.21,57.11,2.59
37,tomatlan,0,MX,1609199504,69,19.93,-105.25,73.24,3.51
38,berlevag,100,NO,1609199448,94,70.86,29.09,25.56,20.18
39,hualmay,38,PE,1609199470,79,-11.1,-77.61,71.17,9.69
40,otjimbingwe,96,NA,1609199505,40,-22.35,16.13,74.62,5.82
41,bima,96,ID,1609199505,79,-8.47,118.72,81.45,2.1
42,narsaq,95,GL,1609199477,63,60.92,-46.05,30.2,12.75
43,sao jose da coroa grande,0,IN,1609199505,53,20.51,76.21,57.11,2.59
44,puerto ayora,0,ES,1609199447,76,36.59,-6.23,50.0,6.93
45,sinjar,100,IQ,1609199505,58,36.32,41.88,44.13,2.33
46,margate,99,GB,1609199222,88,51.38,1.39,39.0,5.01
47,aksu,0,CN,1609199449,91,41.12,80.26,15.57,2.53
48,saint-philippe,0,RE,1609199452,54,-21.36,55.77,78.8,14.99
49,omsukchan,100,RU,1609199506,81,62.53,155.8,-25.49,7.05
50,klaksvik,100,FO,1609199506,80,62.23,-6.59,35.6,38.03
51,waipawa,95,NZ,1609199506,59,-41.41,175.52,60.8,14.99
52,san jose,0,ML,1609199466,21,13.3,-4.9,71.6,7.81
53,new norfolk,40,LR,1609199465,94,6.65,-10.59,78.8,1.97
54,east london,75,IS,1609199444,86,65.0,-15.0,26.6,18.34
55,guerrero negro,3,MX,1609199473,59,17.67,-100.0,69.17,1.88
56,arraial do cabo,40,BR,1609199450,83,-22.84,-46.65,73.4,5.82
57,pedasi,24,PA,1609199507,80,7.53,-80.03,77.97,3.33
58,kruisfontein,0,ZA,1609199463,90,-34.0,24.73,64.0,1.01
59,longyearbyen,75,SJ,1609199456,74,78.22,15.64,28.4,27.51
60,kavieng,92,PG,1609199507,64,-2.57,150.8,85.75,10.31
61,myaundzha,43,RU,1609199507,75,63.05,147.19,-37.3,4.07
62,norman wells,1,US,1609199454,48,35.22,-97.44,46.0,8.05
63,husavik,90,IS,1609199333,63,66.04,-17.34,28.4,11.41
64,huarmey,64,PE,1609199508,74,-10.07,-78.15,72.09,9.44
65,okhotsk,0,RU,1609199508,76,59.38,143.3,-29.4,15.39
66,vaini,75,TO,1609199445,83,-21.2,-175.2,80.6,2.24
67,vila franca do campo,86,PT,1609199508,95,42.03,-8.16,39.99,5.03
68,scarborough,100,GB,1609199292,93,54.28,-0.4,36.0,1.01
69,thabazimbi,31,ZA,1609199508,69,-24.59,27.41,73.38,3.91
70,port elizabeth,99,CD,1609199461,76,-7.03,29.76,72.09,6.17
71,mataura,70,NZ,1609199442,60,-46.19,168.86,70.0,5.01
72,carnarvon,70,AU,1609199440,88,-24.87,113.63,78.8,2.24
73,lebu,56,CL,1609199509,86,-37.62,-73.65,60.35,4.47
74,pangody,100,RU,1609199509,89,65.85,74.49,-13.34,16.2
75,domoni,100,KM,1609199509,82,-12.26,44.53,78.58,7.99
76,kurchum,0,KZ,1609199509,75,48.57,83.65,-10.55,1.99
77,ilulissat,87,GL,1609199454,63,69.22,-51.1,28.4,11.41
78,kavaratti,0,IN,1609199510,73,10.57,72.64,81.36,11.92
79,baturaja,100,ID,1609199510,94,-4.13,104.17,74.26,0.92
80,meulaboh,100,ID,1609199510,88,4.14,96.13,74.82,3.96
81,xunchang,100,CN,1609199510,86,28.45,104.72,38.89,6.69
82,ambanja,100,MG,1609199366,89,-13.68,48.45,76.75,2.15
83,dunedin,0,NZ,1609199452,62,-45.87,170.5,61.74,14.61
84,beringovskiy,100,RU,1609199511,98,63.05,179.32,24.78,19.82
85,paamiut,100,GL,1609199511,90,61.99,-49.67,28.11,16.2
86,kapaa,1,US,1609199403,69,22.08,-159.32,80.6,10.29
87,port hardy,100,CD,1609199453,77,-7.03,29.76,73.0,6.06
88,egvekinot,100,RU,1609199511,87,66.32,-179.17,-2.74,22.44
89,anyang,100,CN,1609199511,70,36.1,114.33,27.25,16.69
90,oroquieta,78,PH,1609199511,81,8.49,123.8,80.55,1.83
91,puerto del rosario,0,ES,1609199511,76,36.59,-6.23,50.0,6.93
92,gizo,100,SB,1609199512,69,-8.1,156.84,84.56,1.68
93,pervomayskoye,87,RU,1609199512,84,43.92,46.71,38.79,12.84
94,fairbanks,75,US,1609199248,78,64.84,-147.72,12.2,1.12
95,aykhal,40,RU,1609199444,83,66.0,111.5,-14.8,8.95
96,port lincoln,100,CD,1609199512,76,-7.03,29.76,73.04,5.86
97,moyale,25,KE,1609199512,50,3.52,39.06,70.86,10.04
98,mehamn,100,NO,1609199512,94,71.04,27.85,24.93,13.35
99,bairiki,75,KI,1609199513,94,1.33,172.98,78.8,14.99
100,bredasdorp,12,ZA,1609199451,68,-34.53,20.04,66.2,3.36
101,northeim,99,DE,1609199513,91,51.7,10.0,37.0,3.94
102,gemena,100,CD,1609199513,55,3.25,19.77,77.22,2.44
103,saint-pierre,0,RE,1609199513,54,-21.34,55.48,78.8,14.99
104,christchurch,0,NZ,1609199402,55,-43.53,172.63,64.0,9.17
105,clyde river,89,US,1609199239,74,41.3,-82.98,34.0,9.04
106,saint-leu,0,RE,1609199513,54,-21.15,55.28,78.8,14.99
107,santa lucia,44,PH,1609199469,78,17.49,120.43,79.47,3.91
108,severo-kurilsk,100,RU,1609199442,95,50.68,156.12,22.28,40.78
109,copiapo,0,CL,1609199514,60,-27.37,-70.33,68.0,11.41
110,luwuk,100,ID,1609199514,74,-0.95,122.79,81.34,4.43
111,mana,74,GF,1609199514,87,5.66,-53.78,78.67,9.48
112,college,75,US,1609199515,78,64.86,-147.8,12.2,3.36
113,chongwe,0,ZM,1609199515,94,-15.33,28.68,69.8,1.88
114,ocampo,0,MX,1609199515,28,21.65,-101.5,60.13,8.99
115,bafq,86,IR,1609199515,51,31.61,55.41,44.33,2.71
116,buriti bravo,40,BR,1609199515,94,-22.93,-45.39,68.0,2.24
117,castro,46,BR,1609199467,92,-24.79,-50.01,64.87,4.27
118,bethel,90,US,1609199364,65,41.37,-73.41,41.0,3.36
119,mar del plata,75,ES,1609199465,81,43.4,-4.01,46.99,10.29
120,northam,99,GB,1609199516,89,51.03,-4.22,44.01,7.0
121,qaanaaq,100,GL,1609199444,89,77.48,-69.36,22.69,10.13
122,mosquera,75,CO,1609199516,72,4.71,-74.23,59.0,9.17
123,airai,97,TL,1609199463,78,-8.93,125.41,69.49,1.34
124,comodoro rivadavia,100,BR,1609199516,97,-13.66,-59.79,69.84,0.72
125,lagoa,100,PT,1609199449,73,39.05,-27.98,57.04,18.61
126,luderitz,0,NA,1609199516,82,-26.65,15.16,59.0,17.22
127,upernavik,100,GL,1609199457,95,72.79,-56.15,27.07,24.2
128,bilibino,6,RU,1609199460,74,68.05,166.44,-18.63,1.81
129,tateyama,75,JP,1609199517,71,34.98,139.87,50.0,3.36
130,xining,100,CN,1609199517,89,36.62,101.77,8.96,1.66
131,missoula,1,US,1609199382,68,47.02,-113.8,30.2,3.36
132,severodvinsk,40,RU,1609199517,84,64.56,39.83,-0.4,4.47
133,new castle,40,LR,1609199517,94,6.65,-10.59,78.8,1.97
134,jibuti,90,DJ,1609199518,69,11.5,42.5,78.8,5.82
135,nam tha,0,CN,1609199518,81,29.42,90.91,17.47,2.01
136,brae,20,GB,1609199463,93,60.4,-1.35,37.4,8.05
137,paita,0,PE,1609199518,65,-5.09,-81.11,77.0,19.46
138,samarai,98,PG,1609199477,68,-10.62,150.67,86.79,12.77
139,morros,55,BR,1609199518,62,-9.45,-46.3,78.21,1.99
140,panama city,40,PA,1609199497,83,9.0,-80.0,79.0,4.7
141,ust-maya,100,RU,1609199519,82,60.42,134.53,-35.66,3.0
142,cherskiy,9,RU,1609199447,83,68.75,161.3,-36.45,1.9
143,vao,70,NC,1609199519,78,-22.67,167.48,77.83,19.24
144,nioro,17,GM,1609199519,32,13.35,-15.75,77.13,11.01
145,constitucion,6,CL,1609199451,76,-35.33,-72.42,60.24,14.07
146,san isidro,0,ML,1609199374,20,13.3,-4.9,71.62,7.85
147,priiskovyy,88,RU,1609199519,80,51.93,116.63,-18.63,3.33
148,royan,81,FR,1609199520,87,45.63,-1.03,44.6,9.17
149,tabas,5,IR,1609199520,43,33.6,56.92,33.8,4.7
150,anadyr,75,RU,1609199520,85,64.75,177.48,12.2,24.61
151,kargil,96,IN,1609199520,81,34.57,76.1,0.93,2.33
152,polunochnoye,95,RU,1609199520,86,60.87,60.42,-22.27,4.85
153,talcahuano,20,CL,1609199521,82,-36.72,-73.12,64.4,13.87
154,indiaroba,1,BR,1609199521,86,-11.52,-37.51,73.54,5.17
155,bengkulu,100,ID,1609199446,85,-3.8,102.27,75.61,6.08
156,thompson,90,CA,1609199471,77,55.74,-97.86,6.8,12.75
157,puerto maldonado,0,ES,1609199451,76,36.59,-6.23,50.0,6.93
158,rio grande,75,GR,1609199309,82,38.3,21.78,55.4,11.41
159,tiksi,100,RU,1609199450,94,71.69,128.87,2.44,3.51
160,caravelas,0,BR,1609199469,86,-17.71,-39.25,74.61,5.77
161,taperoa,4,BR,1609199521,67,-7.21,-36.83,73.22,20.71
162,kitzbuhel,98,AT,1609199522,83,47.45,12.39,30.99,5.41
163,joniskis,90,LT,1609199522,93,56.24,23.62,35.6,18.34
164,itoman,75,JP,1609199522,83,26.12,127.67,71.6,5.82
165,ladario,71,BR,1609199327,55,-19.0,-57.6,85.86,1.97
166,ribeira grande,40,ES,1609199460,86,42.75,-8.44,42.01,6.93
167,kyaukse,19,MM,1609199522,73,21.6,96.13,59.72,3.11
168,uusikaupunki,90,FI,1609199522,91,60.8,21.41,32.0,12.75
169,salinopolis,48,BR,1609199509,79,-0.61,-47.36,80.96,14.63
170,chumikan,100,RU,1609199522,77,54.72,135.31,-22.04,22.77
171,barrow,90,US,1609199445,70,71.29,-156.79,1.4,9.17
172,cockburn harbour,0,AU,1609199460,34,-32.08,141.0,64.4,16.11
173,nara,0,JP,1609199523,93,34.69,135.8,39.2,2.24
174,khatanga,84,RU,1609199447,83,71.97,102.5,-31.34,16.11
175,hilo,1,US,1609199239,58,19.73,-155.09,82.4,11.41
176,alyangula,40,AU,1609199523,83,-13.85,136.42,84.2,8.05
177,svetlyy,0,RU,1609199524,81,54.67,20.13,42.8,13.42
178,tasiilaq,97,GL,1609199439,86,65.61,-37.64,26.6,5.21
179,hereford,60,GB,1609199524,96,52.06,-2.71,32.0,1.88
180,doha,40,QA,1609199464,77,25.29,51.53,66.2,4.7
181,otradnoye,0,RU,1609199524,79,59.78,30.82,27.0,15.66
182,porbandar,45,IN,1609199524,34,21.64,69.61,59.81,12.46
183,nueva gerona,40,EC,1609199524,66,-1.72,-79.83,84.2,6.93
184,hithadhoo,40,MV,1609199461,78,-0.6,73.08,81.86,9.86
185,boa vista,72,CM,1609199524,85,4.43,8.97,78.71,4.05
186,vanimo,94,PG,1609199525,66,-2.67,141.3,85.84,2.15
187,jawhar,8,SO,1609199525,82,2.78,45.5,75.94,9.84
188,sunrise manor,40,US,1609199525,56,26.16,-80.29,73.0,9.17
189,petropavlovsk-kamchatskiy,100,RU,1609199525,70,53.05,158.65,1.4,4.47
190,iqaluit,75,CA,1609199447,71,63.75,-68.51,5.0,23.04
191,axim,82,GH,1609199525,82,4.87,-2.24,79.57,7.99
192,salalah,0,OM,1609199525,49,17.02,54.09,71.6,9.17
193,malanje,100,AO,1609199526,98,-9.54,16.34,63.43,3.22
194,abu dhabi,0,IN,1609199526,58,24.6,72.7,37.78,5.68
195,mayo,1,US,1609199451,86,38.89,-76.51,44.01,7.36
196,marsa matruh,75,MT,1609199526,62,35.88,14.5,59.0,14.99
197,chuy,10,UY,1609199465,93,-33.7,-53.46,66.13,6.08
198,newport,50,GB,1609199526,95,51.59,-3.0,35.01,6.17
199,aboyne,89,GB,1609199526,93,57.08,-2.78,35.6,12.75
200,suntar,100,RU,1609199457,91,62.14,117.63,-4.68,11.97
201,vardo,75,NO,1609199527,73,70.37,31.11,24.8,18.34
202,laguna,1,US,1609199527,66,38.42,-121.42,55.99,3.36
203,sabang,98,ID,1609199527,77,5.89,95.32,81.1,9.17
204,pisco,90,PE,1609199441,83,-13.7,-76.22,69.8,11.41
205,avarua,47,CK,1609199443,70,-21.21,-159.78,86.0,11.41
206,vredendal,0,ZA,1609199527,90,-31.67,18.5,58.26,6.96
207,nanortalik,100,GL,1609199458,95,60.14,-45.24,28.58,11.77
208,fukue,75,JP,1609199527,93,32.69,128.84,50.0,8.05
209,aklavik,75,CA,1609199468,83,68.22,-135.01,-9.4,2.44
210,grindavik,75,IS,1609199528,73,63.84,-22.43,26.6,10.29
211,mount isa,82,GB,1609199473,95,53.66,-1.85,32.0,3.89
212,lompoc,75,US,1609199465,81,34.64,-120.46,53.6,5.82
213,ketchikan,90,US,1609199528,93,55.34,-131.65,37.4,3.29
214,pampa,1,US,1609199262,60,35.54,-100.96,41.0,16.11
215,bol,2,TD,1609199529,34,13.46,14.71,72.3,14.16
216,asti,38,IT,1609199529,84,44.9,8.21,30.99,3.02
217,plouzane,87,FR,1609199529,80,48.38,-4.62,42.8,11.41
218,hami,0,CN,1609199529,75,42.8,93.45,11.71,5.06
219,mount gambier,82,GB,1609199529,95,53.66,-1.85,32.0,3.89
220,matara,59,LK,1609199529,89,5.95,80.54,74.79,1.36
221,isangel,75,VU,1609199525,83,-19.55,169.27,82.4,8.05
222,esperance,100,AU,1609199458,63,-33.87,121.9,60.8,17.22
223,coihaique,90,CL,1609199294,59,-45.58,-72.07,66.2,6.93
224,verkhnyaya toyma,1,RU,1609199530,92,60.98,40.21,2.05,6.29
225,yermakovskoye,0,RU,1609199530,83,53.28,92.4,-24.81,1.88
226,jamestown,90,US,1609199449,92,42.1,-79.24,30.99,10.49
227,kyzyl,0,RU,1609199530,77,51.7,94.45,-33.9,0.65
228,maldonado,0,UY,1609199530,73,-34.67,-54.92,73.4,16.11
229,grand gaube,90,US,1609199465,92,38.88,-109.5,32.0,6.93
230,mandalgovi,0,MN,1609199531,80,45.76,106.27,-18.02,14.36
231,marawi,78,PH,1609199531,90,8.0,124.29,77.0,5.01
232,alta floresta,75,NO,1609199531,68,69.97,23.27,30.2,34.45
233,hay river,53,GB,1609199531,97,52.07,-3.13,32.0,3.94
234,belyy yar,99,RU,1609199531,93,55.84,32.94,21.04,12.46
235,kishorganj,1,BD,1609199532,72,24.43,90.77,59.97,4.27
236,beira,40,MZ,1609199532,74,-19.84,34.84,84.2,9.17
237,soyo,99,AO,1609199532,86,-6.13,12.37,78.3,6.04
238,tuktoyaktuk,75,CA,1609199450,76,69.45,-133.04,-7.6,3.36
239,coquimbo,0,CL,1609199404,72,-29.95,-71.34,64.4,10.29
240,sao paulo de olivenca,0,IN,1609199446,53,20.51,76.21,57.11,2.59
241,sokoni,40,TZ,1609199532,88,-6.43,39.55,78.8,15.48
242,victoria,72,HK,1609199414,81,22.29,114.16,66.0,13.0
243,katsuura,0,JP,1609199533,75,35.13,140.3,48.0,5.82
244,sorong,100,ID,1609199249,72,-0.88,131.25,83.21,3.29
245,kalabo,91,ZM,1609199533,85,-14.97,22.68,68.92,3.38
246,tarakan,100,ID,1609199533,82,3.3,117.63,79.99,3.24
247,talnakh,0,RU,1609199533,67,69.49,88.4,-27.4,4.47
248,valparaiso,75,CL,1609199240,93,-33.04,-71.63,60.8,4.7
249,halifax,100,CA,1609199454,93,44.65,-63.57,43.0,16.11
250,talaya,100,RU,1609199534,81,61.38,152.75,-27.11,4.34
251,ambulu,56,ID,1609199534,82,-8.35,113.61,79.81,2.04
252,touros,20,BR,1609199534,78,-5.2,-35.46,77.0,6.93
253,pecos,1,US,1609199534,21,31.42,-103.49,60.8,15.41
254,ostersund,90,SE,1609199535,100,63.18,14.64,30.2,12.75
255,ereymentau,100,KZ,1609199535,93,51.62,73.1,9.59,17.72
256,dikson,81,RU,1609199443,86,73.51,80.55,-25.62,9.17
257,evensk,100,RU,1609199535,82,61.95,159.23,3.88,13.69
258,olafsvik,8,IS,1609199535,86,64.89,-23.71,29.01,4.54
259,bur gabo,99,DK,1609199536,96,56.37,8.43,36.0,9.4
260,mersing,77,MY,1609199536,88,2.43,103.84,78.8,8.05
261,pevek,2,RU,1609199466,86,69.7,170.31,-23.78,2.15
262,kahului,40,US,1609199448,48,20.89,-156.47,86.0,11.41
263,codrington,38,AU,1609199537,66,-38.27,141.97,65.26,8.93
264,padang,100,ID,1609199466,84,-0.95,100.35,76.28,2.37
265,haines junction,90,US,1609199537,86,59.23,-135.44,37.4,6.93
266,chicama,58,PE,1609199537,77,-7.84,-79.15,69.8,11.41
267,tokur,92,RU,1609199537,80,53.13,132.9,-41.8,2.75
268,ginda,0,IN,1609199537,55,30.69,78.49,34.63,6.78
269,skjervoy,100,NO,1609199367,84,70.03,20.97,34.21,17.72
270,jacareacanga,100,BR,1609199538,94,-6.22,-57.75,74.86,1.54
271,kutum,0,SD,1609199471,36,14.2,24.67,58.19,4.18
272,bemidji,1,US,1609199538,77,47.47,-94.88,1.0,3.36
273,alexandria,0,EG,1609199538,87,31.22,29.96,55.4,2.24
274,anahuac,40,MX,1609199538,39,27.23,-100.15,82.4,11.41
275,turukhansk,0,RU,1609199538,80,65.82,87.98,-26.43,8.43
276,makarov,2,RU,1609199539,83,48.63,142.8,-0.78,7.58
277,novobirilyussy,0,RU,1609199539,83,56.95,90.67,-21.62,6.22
278,adrar,100,MR,1609199539,25,20.5,-10.07,74.64,6.71
279,kawalu,99,ID,1609199539,81,-7.38,108.21,75.49,0.76
280,manado,40,ID,1609199539,100,1.49,124.85,73.4,3.36
281,carutapera,92,BR,1609199539,78,-1.2,-46.02,79.5,8.86
282,najran,0,SA,1609199539,64,17.49,44.13,51.8,0.65
283,balkhash,0,KZ,1609199540,83,46.84,74.98,3.6,6.06
284,griffith,1,US,1609199540,63,41.53,-87.42,30.2,5.82
285,thinadhoo,0,MV,1609199194,72,0.53,72.93,82.45,10.29
286,grand-santi,64,GF,1609199540,84,4.25,-54.38,74.35,3.56
287,bonfim,79,BR,1609199540,70,3.08,-59.95,81.66,4.05
288,sabha,0,LY,1609199540,45,27.04,14.43,50.07,8.75
289,vuktyl,100,RU,1609199540,87,63.86,57.31,-19.41,2.35
290,georgetown,20,MY,1609199443,88,5.41,100.34,78.8,2.24
291,havre-saint-pierre,90,CA,1609199541,80,50.23,-63.6,30.2,12.75
292,san rafael del sur,0,ML,1609199374,20,13.3,-4.9,71.62,7.85
293,volga,5,RU,1609199541,95,57.95,38.39,7.12,7.85
294,balod,0,IN,1609199419,57,20.73,81.2,56.35,1.3
295,ambovombe,50,MG,1609199541,73,-25.17,46.08,75.16,4.92
296,altagracia de orituco,0,NI,1609199542,61,11.57,-85.58,82.4,4.7
297,townsville,100,AU,1609199542,88,-19.25,146.8,78.8,13.87
298,kloulklubed,75,PW,1609199472,88,7.04,134.26,82.4,8.05
299,japura,100,ID,1609199542,96,-0.32,102.35,74.52,2.28
300,zhanaozen,0,KZ,1609199461,89,43.3,52.8,24.35,9.48
301,cayenne,20,GF,1609199542,88,4.93,-52.33,80.6,4.7
302,male,75,MV,1609199542,88,4.17,73.51,80.6,3.36
303,ahipara,56,NZ,1609199542,52,-35.17,173.17,65.44,12.33
304,sheltozero,85,RU,1609199543,94,61.37,35.37,20.86,15.68
305,vaitape,8,PF,1609199543,67,-16.52,-151.75,81.86,7.45
306,sept-iles,100,CA,1609199543,100,50.2,-66.38,30.0,10.29
307,provideniya,90,RU,1609199464,85,64.38,-173.3,24.8,22.37
308,taoudenni,100,ML,1609199444,23,22.68,-3.98,69.96,9.73
309,santarem,0,BR,1609199543,100,-2.44,-54.71,75.2,4.7
310,tiznit,0,MA,1609199543,65,29.58,-9.5,53.51,2.66
311,zemio,76,CF,1609199544,39,5.03,25.14,73.65,2.73
312,catia la mar,40,VE,1609199544,88,10.51,-66.95,77.0,3.36
313,pocatello,1,US,1609199544,62,42.87,-112.45,24.01,8.05
314,wamba,33,NG,1609199544,31,8.93,8.6,73.62,4.12
315,hasaki,75,JP,1609199475,93,35.73,140.83,37.4,4.7
316,lorengau,100,PG,1609199457,58,-2.02,147.27,86.31,5.17
317,say,0,NE,1609199545,24,13.1,2.37,71.6,3.36
318,kaitangata,17,NZ,1609199450,69,-46.28,169.85,61.0,14.0
319,jalu,0,LY,1609199545,49,29.03,21.55,53.01,8.63
320,sur,0,OM,1609199441,44,22.57,59.53,67.66,11.7
321,uchaly,36,RU,1609199545,92,54.3,59.45,4.51,4.76
322,nizhniy odes,0,RU,1609199545,84,45.39,39.24,36.0,8.95
323,tigil,100,RU,1609199545,96,57.8,158.67,11.97,3.11
324,chokurdakh,14,RU,1609199460,83,70.63,147.92,-36.92,4.38
325,viamao,75,BR,1609199546,78,-30.08,-51.02,75.2,17.22
326,aurich,100,DE,1609199546,93,53.47,7.48,35.6,8.05
327,monroe,90,US,1609199416,69,43.15,-77.68,36.0,12.75
328,ponta do sol,100,PT,1609199457,81,38.73,-28.27,53.58,17.52
329,westport,1,US,1609199320,75,41.14,-73.36,44.01,3.36
330,larap,99,PH,1609199547,88,14.3,122.65,78.94,1.12
331,sztum,97,PL,1609199547,77,53.92,19.03,42.01,10.0
332,davila,75,PH,1609199547,94,18.47,120.58,75.2,2.24
333,kysyl-syr,100,RU,1609199547,91,63.9,122.76,-0.9,11.56
334,yarada,0,IN,1609199547,74,17.65,83.27,69.82,5.66
335,geraldton,25,AU,1609199445,14,-28.77,114.6,89.6,19.46
336,novospasskoye,0,RU,1609199548,90,53.15,47.75,0.66,2.48
337,proddatur,0,IN,1609199548,91,14.73,78.55,64.45,3.78
338,weihai,100,CN,1609199548,95,37.5,122.11,27.5,32.14
339,vila velha,86,PT,1609199548,95,42.03,-8.16,39.99,5.03
340,pedra branca,27,BR,1609199548,80,-8.5,-36.94,67.78,7.81
341,bogo,98,PH,1609199548,79,11.05,124.01,81.09,2.21
342,iesolo,0,IT,1609199549,76,45.53,12.64,34.0,3.36
343,mitsamiouli,100,KM,1609199549,77,-11.38,43.28,81.72,10.45
344,buarcos,40,PT,1609199549,71,40.17,-8.88,53.01,9.17
345,ambilobe,100,MG,1609199549,92,-13.2,49.05,75.22,1.3
346,misratah,0,LY,1609199288,41,32.38,15.09,54.18,14.16
347,alice springs,40,US,1609199549,78,27.75,-98.07,75.2,17.22
348,akyab,65,MM,1609199549,61,20.15,92.9,60.17,6.58
349,narrabri,78,AU,1609199550,54,-30.32,149.78,80.6,17.22
350,mikhaylovskoye,88,RU,1609199550,85,51.82,79.72,-2.18,11.12
351,floro,97,NO,1609199550,60,61.6,5.03,42.8,10.29
352,high level,90,US,1609199550,47,33.61,-95.75,57.2,12.75
353,pangnirtung,90,CA,1609199458,71,66.15,-65.71,8.6,2.24
354,lata,40,PT,1609199550,71,40.16,-8.33,53.01,9.17
355,vaxjo,100,SE,1609199398,100,56.88,14.81,37.99,2.24
356,sitka,90,US,1609199551,56,57.05,-135.33,44.6,12.75
357,catamarca,34,AR,1609199551,72,-28.47,-65.79,82.99,5.01
358,mexico,75,PH,1609199287,88,15.06,120.72,77.0,2.24
359,yichang,100,CN,1609199253,86,30.71,111.28,41.0,3.0
360,chihuahua,20,MX,1609199300,9,28.5,-106.0,78.8,4.7
361,aquiraz,75,BR,1609199551,74,-3.9,-38.39,82.4,14.99
362,chimbote,16,PE,1609199551,82,-9.09,-78.58,70.14,7.83
363,dukat,100,RU,1609199551,83,62.55,155.55,-30.23,5.77
364,tutayev,90,RU,1609199552,85,57.89,39.54,14.0,6.71
365,hovd,0,MN,1609199552,85,48.01,91.64,-12.23,0.85
366,port hawkesbury,99,CD,1609199453,76,-7.03,29.76,72.09,6.17
367,san francisco,0,ML,1609199374,20,13.3,-4.9,71.62,7.85
368,ambon,40,ID,1609199552,83,-3.7,128.18,80.6,2.24
369,fort saint john,95,NL,1609199441,92,52.65,6.39,39.0,4.97
370,poya,4,NC,1609199552,65,-21.35,165.15,84.85,5.59
371,vetralla,27,IT,1609199553,92,42.31,12.08,46.0,6.53
372,doka,0,SD,1609199553,44,13.52,35.77,72.59,12.15
373,yulara,0,AU,1609199461,17,-25.24,130.99,75.2,20.8
374,sao francisco,0,IN,1609199446,53,20.51,76.21,57.11,2.59
375,baruun-urt,0,MN,1609199553,80,46.68,113.28,-27.27,10.09
376,chernyshevskiy,90,RU,1609199553,87,63.01,112.47,-19.53,5.3
377,polyarnyy,40,RU,1609199553,79,69.2,33.45,21.2,4.47
378,leh,46,IN,1609199459,70,34.17,77.58,0.77,1.59
379,meadow lake,29,US,1609199553,79,45.53,-102.22,19.4,5.82
380,colares,58,PT,1609199554,80,38.8,-9.45,53.01,19.28
381,bargur,5,IN,1609199554,89,12.54,78.35,60.37,2.15
382,mantamados,0,GR,1609199554,65,39.31,26.33,57.99,8.01
383,cardoso,82,BR,1609199554,76,-20.08,-49.91,76.64,4.54
384,beibei,90,CN,1609199555,100,29.83,106.43,46.0,6.71
385,mezhdurechensk,58,RU,1609199555,81,53.69,88.06,-11.07,4.18
386,hamilton,90,US,1609199555,69,39.18,-84.53,34.0,10.29
387,togur,100,RU,1609199449,85,58.36,82.83,-11.52,13.65
388,faro,0,PT,1609199555,93,37.02,-7.93,46.4,6.93
389,asau,23,RO,1609199464,84,46.43,26.4,37.0,3.91
390,san ramon de la nueva oran,0,ML,1609199374,20,13.3,-4.9,71.62,7.85
391,eyl,25,SO,1609199450,76,7.98,49.82,77.88,20.4
392,bismil,100,TR,1609199556,70,37.85,40.67,32.0,2.04
393,oranjemund,2,NA,1609199556,89,-28.55,16.43,61.56,9.1
394,biak,100,ID,1609199556,78,-0.91,122.88,79.47,4.14
395,las vegas,95,PL,1609199556,3,49.74,19.43,37.0,14.0
396,nalut,0,LY,1609199556,52,30.33,10.85,42.1,8.61
397,port-cartier,100,CA,1609199556,100,50.03,-66.87,30.0,10.29
398,wajir,12,KE,1609199556,69,1.75,40.06,78.03,11.83
399,kirensk,100,RU,1609199557,83,57.79,108.11,-26.05,5.46
400,lasa,5,IT,1609199474,92,46.62,10.7,28.99,1.12
401,zeya,97,RU,1609199557,83,53.75,127.27,-20.74,0.31
402,gbely,100,SK,1609199557,96,48.72,17.12,42.01,12.06
403,miraflores,5,MX,1609199557,10,19.22,-98.81,75.2,0.6
404,kedgwick,100,CA,1609199557,96,47.64,-67.34,34.27,14.2
405,cuenca,75,EC,1609199552,77,-2.88,-78.98,59.0,14.99
406,porto novo,40,PT,1609199487,71,41.15,-8.61,51.8,9.17
407,beloha,65,MG,1609199477,59,-25.17,45.05,78.01,8.01
408,peniche,54,PT,1609199558,72,39.36,-9.38,54.0,8.99
409,ola,64,RU,1609199558,82,59.58,151.28,-7.33,8.28
410,dandong,100,CN,1609199558,72,40.13,124.39,16.86,20.27
411,warrnambool,34,AU,1609199558,73,-38.38,142.48,64.0,1.01
412,bundaberg,90,AU,1609199558,69,-24.85,152.35,82.99,13.87
413,rocha,10,UY,1609199426,95,-34.48,-54.33,64.15,6.22
414,srandakan,83,ID,1609199559,77,-7.94,110.25,79.93,4.21
415,nador,90,MA,1609199559,76,35.17,-2.93,55.4,12.75
416,mantua,66,IT,1609199559,94,45.17,10.78,32.0,3.0
417,san onofre,0,ML,1609199374,20,13.3,-4.9,71.62,7.85
418,poum,5,NC,1609199559,76,-20.23,164.02,82.33,15.05
419,yeniseysk,0,RU,1609199559,82,58.45,92.17,-28.46,5.99
420,bay roberts,1,US,1609199559,58,43.73,-84.02,30.0,8.05
421,namibe,100,AO,1609199560,80,-15.2,12.15,71.17,3.96
422,srednekolymsk,0,RU,1609199560,81,67.45,153.68,-35.34,3.49
423,half moon bay,40,LR,1609199560,94,6.38,-10.7,78.8,5.97
424,isparta,75,TR,1609199370,100,38.0,31.0,35.6,9.46
425,xian,90,CN,1609199560,59,34.26,108.93,37.0,6.71
426,port hedland,99,CD,1609199453,76,-7.03,29.76,72.09,6.17
427,byron bay,40,US,1609199560,73,44.03,-92.65,23.0,8.05
428,moose factory,1,US,1609199560,52,43.66,-110.72,15.8,2.21
429,lavrentiya,92,RU,1609199560,95,65.58,-171.0,17.4,15.37
430,anzio,27,IT,1609199561,60,41.49,12.62,55.99,10.0
431,tuatapere,57,NZ,1609199460,60,-46.13,167.68,70.0,5.01
432,mogadishu,27,SO,1609199458,82,2.04,45.34,78.8,18.01
433,sexsmith,20,CA,1609199561,73,55.35,-118.79,19.4,6.93
434,envira,97,BR,1609199561,97,-7.3,-70.22,74.12,1.34
435,jumla,0,NP,1609199561,45,29.27,82.18,30.79,5.01
436,maniitsoq,100,GL,1609199561,93,65.42,-52.9,23.25,2.86
437,huambo,100,AO,1609199562,97,-12.78,15.74,59.59,3.22
438,nome,90,US,1609199274,92,64.5,-165.41,28.4,18.34
439,tulun,0,RU,1609199562,83,54.56,100.58,-25.44,3.47
440,xai-xai,81,MZ,1609199562,86,-25.05,33.64,78.24,3.4
441,abalak,91,RU,1609199562,91,58.13,68.59,-9.44,4.61
442,plettenberg bay,55,DE,1609199562,90,51.22,7.88,35.01,5.66
443,sribne,100,UA,1609199563,97,50.66,32.92,30.0,18.25
444,khasan,99,RU,1609199563,76,42.43,130.64,19.24,15.48
445,fortuna,1,US,1609199151,76,40.6,-124.16,52.0,10.29
446,chara,95,RU,1609199563,73,56.91,118.26,-22.79,1.88
447,saskylakh,100,RU,1609199440,86,71.92,114.08,-15.52,22.17
448,kamaishi,40,JP,1609199563,71,39.27,141.88,32.0,2.24
449,grand river south east,90,US,1609199465,92,38.88,-109.5,32.0,6.93
450,casper,75,US,1609199380,85,42.87,-106.31,14.0,3.36
451,teya,0,RU,1609199457,79,60.38,92.63,-27.31,1.97
452,tres lagoas,90,IT,1609199564,78,46.32,11.1,30.99,27.51
453,lima,0,PE,1609199525,78,-12.04,-77.03,71.6,11.41
454,yar-sale,100,RU,1609199477,89,66.83,70.83,-10.7,13.04
455,raduzhnyy,100,RU,1609199564,90,62.1,77.47,-7.62,13.04
456,port blair,99,CD,1609199461,76,-7.03,29.76,72.09,6.17
457,puerto escondido,0,ES,1609199451,76,36.59,-6.23,50.0,6.93
458,rio de janeiro,75,GR,1609199309,82,38.3,21.78,55.4,11.41
459,alugan,68,PH,1609199564,79,12.22,125.48,81.55,2.1
460,hambantota,65,LK,1609199452,87,6.12,81.12,76.05,3.6
461,benghazi,0,LY,1609199565,63,32.12,20.07,60.13,12.21
462,tautira,40,PF,1609199456,74,-17.73,-149.15,82.4,8.05
463,horasan,100,TR,1609199565,83,40.05,42.17,16.68,0.56
464,stutterheim,10,ZA,1609199565,91,-32.57,27.42,62.58,3.11
465,linxia,100,CN,1609199348,91,35.6,103.21,13.77,3.2
466,avera,1,US,1609199463,62,33.19,-82.53,52.0,4.61
467,lagos,20,NG,1609199469,88,6.58,3.75,80.6,2.24
468,bubaque,0,GW,1609199566,69,11.28,-15.83,78.67,14.88
469,udachnyy,40,RU,1609199452,83,66.42,112.4,-14.8,8.95
470,lifford,100,IE,1609199566,90,54.83,-7.48,40.6,12.62
471,jacmel,100,HT,1609199566,78,18.23,-72.53,77.0,8.05
472,ust-shonosha,0,RU,1609199566,91,61.15,41.34,1.6,4.9
473,arman,100,RU,1609199567,82,59.7,150.17,-9.58,9.95
474,gimli,0,CA,1609199567,77,50.63,-96.99,1.4,10.29
475,aden,2,YE,1609199567,72,12.78,45.04,76.78,15.19
476,ipixuna,75,BR,1609199567,83,-1.76,-48.8,78.8,5.82
477,kapoeta,1,SS,1609199466,29,4.77,33.59,79.47,10.07
478,bud,90,US,1609199567,79,39.45,-86.18,28.4,5.82
479,khailar,0,IN,1609199568,51,25.35,78.53,46.38,5.75
480,dwarka,46,IN,1609199568,39,22.24,68.97,65.08,13.31
481,wete,9,TZ,1609199568,82,-5.06,39.73,79.45,9.75
482,southbridge,36,US,1609199568,90,42.08,-72.03,39.99,8.66
483,bilma,31,NE,1609199568,30,18.69,12.92,60.12,6.58
484,elko,20,US,1609199569,37,41.0,-115.5,37.4,17.22
485,naryan-mar,0,RU,1609199569,85,67.67,53.09,-18.98,7.14
486,nioaque,88,BR,1609199569,58,-21.14,-55.83,83.37,2.55
487,devonport,58,AU,1609199569,73,-41.17,146.35,61.0,3.0
488,tutoia,30,BR,1609199569,77,-2.76,-42.27,81.18,12.48
489,mananara,100,MG,1609199569,90,-16.17,49.77,75.56,4.29
490,nabire,100,ID,1609199570,67,-3.37,135.48,84.2,0.51
491,priladozhskiy,93,RU,1609199570,56,59.85,31.48,25.0,16.06
492,bossangoa,61,CF,1609199570,32,6.49,17.46,71.51,3.04
493,romos,0,RO,1609199570,50,45.83,23.28,51.8,12.75
494,mweka,93,CD,1609199570,94,-4.85,21.57,68.7,1.16
495,kathmandu,20,NP,1609199448,100,27.72,85.32,37.4,3.36
496,labuhan,100,ID,1609199570,80,-6.88,112.21,79.81,5.35
497,pokhara,0,NP,1609199570,33,28.23,83.98,50.23,4.41
498,bireun,100,ID,1609199571,82,5.2,96.7,76.35,3.51
499,contamana,99,PE,1609199571,95,-7.33,-75.02,73.96,2.1
500,cap malheureux,90,FR,1609199441,80,49.27,-1.21,44.01,9.17
501,liepaja,100,LV,1609199571,93,56.54,21.04,37.4,13.87
502,khash,18,IR,1609199571,57,28.22,61.22,36.34,4.99
503,sterling,40,US,1609199349,57,39.01,-77.43,48.2,6.93
504,jinji,98,CN,1609199479,70,23.23,110.83,66.79,1.9
505,opuwo,100,NA,1609199572,86,-18.06,13.84,63.82,4.12
506,san quintin,0,ML,1609199466,21,13.3,-4.9,71.6,7.81
507,puerto penasco,0,ES,1609199572,76,36.59,-6.23,50.0,6.93
508,muzhi,100,RU,1609199572,88,65.37,64.67,-15.34,13.24
509,cabedelo,20,BR,1609199471,74,-6.98,-34.83,78.8,9.17
510,grand centre,90,US,1609199572,92,38.88,-109.5,32.0,6.93
511,calafell,1,ES,1609199572,100,41.2,1.57,50.0,4.0
512,hokitika,1,NZ,1609199572,63,-42.72,170.97,60.51,8.37
513,wajid,15,SO,1609199572,71,3.81,43.25,76.05,12.44
514,shimoda,75,JP,1609199573,71,34.67,138.95,50.0,3.36
515,ayan,90,RU,1609199573,73,56.45,138.17,-20.83,10.58
516,birao,0,CF,1609199573,29,10.28,22.79,71.85,5.88
517,goderich,100,CA,1609199301,90,43.75,-81.72,32.0,20.8
518,wuzhou,100,CN,1609199573,69,23.48,111.32,65.46,2.84
519,port macquarie,99,CD,1609199453,76,-7.03,29.76,72.09,6.17
520,kieta,83,PG,1609199447,72,-6.22,155.63,83.52,2.55
521,krasnovishersk,91,RU,1609199475,87,60.41,57.08,-17.41,3.22
522,yongchang,43,CN,1609199573,90,30.04,119.73,48.0,1.5
523,dingle,29,PH,1609199459,83,11.0,122.67,79.23,3.36
524,ibra,0,OM,1609199574,42,22.69,58.53,51.6,3.38
525,mayen,72,DE,1609199574,93,50.33,7.22,36.0,6.93
526,vilhena,0,BR,1609199574,94,-12.74,-60.15,73.4,1.12
527,kletskaya,65,RU,1609199574,91,49.31,43.06,17.01,4.0
528,kempele,90,FI,1609199574,80,64.91,25.5,30.2,14.99
529,chahal,35,GT,1609199574,92,15.75,-89.57,66.96,1.32
530,vieques,75,PR,1609199574,78,18.43,-65.83,78.8,3.36
531,kenai,75,US,1609199464,80,60.55,-151.26,39.2,4.7
532,akdagmadeni,83,TR,1609199575,78,39.66,35.88,34.57,4.79
533,tymovskoye,99,RU,1609199575,86,50.85,142.66,-11.31,4.09
534,saldanha,0,ZA,1609199422,82,-33.01,17.94,60.8,8.05
535,namatanai,86,PG,1609199463,74,-3.67,152.43,83.52,9.71
536,mayumba,100,GA,1609199575,91,-3.43,10.66,77.09,5.68
537,buala,100,SB,1609199575,72,-8.14,159.59,84.49,3.67
538,yachimata,75,JP,1609199576,93,35.65,140.32,53.01,4.7
539,gunnedah,70,AU,1609199576,61,-30.98,150.25,77.0,4.7
540,san javier,0,ML,1609199374,20,13.3,-4.9,71.62,7.85
541,bekhteyevka,75,RU,1609199576,79,50.81,37.21,24.8,15.66
542,neiafu,75,TO,1609199576,83,-18.65,-173.98,80.6,8.05
543,sinnamary,15,GF,1609199576,86,5.38,-52.95,78.62,9.4
544,cacoal,100,BR,1609199469,94,-11.44,-61.45,72.34,1.48
545,nhulunbuy,75,AU,1609199472,94,-12.23,136.77,78.8,8.05
546,hastings,96,GB,1609199577,88,50.86,0.57,37.0,5.01
547,sobolevo,100,RU,1609199577,97,54.43,31.9,26.13,17.2
548,lar gerd,0,IN,1609199577,55,26.2,83.97,53.82,2.77
549,havelock,1,US,1609199577,81,34.88,-76.9,53.6,3.36
550,nirmali,0,IN,1609199577,54,26.32,86.58,54.9,2.3
